vehicle_id,start_ts,end_ts,delta_battery_pct,ignition_state
9893c80d-f282-46cf-a794-280f0306c936,2021-09-03T12:09:58.000000Z,2021-09-20T15:00:01.000000Z,49.4,ON
9893c80d-f282-46cf-a794-280f0306c936,2021-09-04T15:22:38.000000Z,2021-09-20T15:00:01.000000Z,65.5,ON
9893c80d-f282-46cf-a794-280f0306c936,2021-09-05T15:00:15.000000Z,2021-09-20T15:00:01.000000Z,52.2,ON
9893c80d-f282-46cf-a794-280f0306c936,2021-09-05T15:37:29.000000Z,2021-09-20T15:00:01.000000Z,58.4,ON
9893c80d-f282-46cf-a794-280f0306c936,2021-09-06T11:21:00.000000Z,2021-09-20T15:00:01.000000Z,69.0,ON
9893c80d-f282-46cf-a794-280f0306c936,2021-09-06T23:22:48.000000Z,2021-09-20T15:00:01.000000Z,47.5,ON
9893c80d-f282-46cf-a794-280f0306c936,2021-09-07T22:49:31.000000Z,2021-09-20T15:00:01.000000Z,78.0,ON
9893c80d-f282-46cf-a794-280f0306c936,2021-09-08T01:43:04.000000Z,2021-09-20T15:00:01.000000Z,87.8,ON
9893c80d-f282-46cf-a794-280f0306c936,2021-09-13T21:44:21.000000Z,2021-09-20T15:00:01.000000Z,29.4,ON
9893c80d-f282-46cf-a794-280f0306c936,2021-09-15T18:37:57.000000Z,2021-09-20T15:00:01.000000Z,49.8,ON
9893c80d-f282-46cf-a794-280f0306c936,2021-09-17T20:29:55.000000Z,2021-09-20T15:00:01.000000Z,56.5,ON
9893c80d-f282-46cf-a794-280f0306c936,2021-09-20T13:54:17.000000Z,2021-09-20T15:00:01.000000Z,60.4,ON
9893c80d-f282-46cf-a794-280f0306c936,2021-09-23T00:35:33.000000Z,2021-09-23T01:35:56.000000Z,56.1,OFF
9893c80d-f282-46cf-a794-280f0306c936,2021-09-28T14:05:42.000000Z,2021-10-02T22:16:43.000000Z,67.4,ON
9893c80d-f282-46cf-a794-280f0306c936,2021-09-29T19:01:26.000000Z,2021-10-02T22:16:43.000000Z,59.2,ON
9893c80d-f282-46cf-a794-280f0306c936,2021-09-30T00:03:14.000000Z,2021-10-02T22:16:43.000000Z,52.1,ON
9893c80d-f282-46cf-a794-280f0306c936,2021-10-01T18:45:24.000000Z,2021-10-02T22:16:43.000000Z,79.2,ON
9893c80d-f282-46cf-a794-280f0306c936,2021-10-02T20:21:17.000000Z,2021-10-02T22:16:43.000000Z,54.9,ON
9893c80d-f282-46cf-a794-280f0306c936,2021-10-02T21:20:12.000000Z,2021-10-02T22:16:43.000000Z,46.3,ON
9893c80d-f282-46cf-a794-280f0306c936,2021-10-04T16:48:27.000000Z,2021-12-30T22:07:59.000000Z,70.2,ON
9893c80d-f282-46cf-a794-280f0306c936,2021-10-07T00:11:58.000000Z,2021-12-30T22:07:59.000000Z,57.3,ON
9893c80d-f282-46cf-a794-280f0306c936,2021-10-08T16:17:23.000000Z,2021-12-30T22:07:59.000000Z,47.9,ON
9893c80d-f282-46cf-a794-280f0306c936,2021-10-08T16:55:14.000000Z,2021-12-30T22:07:59.000000Z,40.4,ON
9893c80d-f282-46cf-a794-280f0306c936,2021-10-12T19:33:08.000000Z,2021-12-30T22:07:59.000000Z,72.6,ON
9893c80d-f282-46cf-a794-280f0306c936,2021-10-12T20:11:52.000000Z,2021-12-30T22:07:59.000000Z,94.1,ON
9893c80d-f282-46cf-a794-280f0306c936,2021-10-13T23:03:52.000000Z,2021-12-30T22:07:59.000000Z,76.5,ON
9893c80d-f282-46cf-a794-280f0306c936,2021-10-15T18:32:06.000000Z,2021-12-30T22:07:59.000000Z,60.0,ON
9893c80d-f282-46cf-a794-280f0306c936,2021-10-17T16:53:46.000000Z,2021-12-30T22:07:59.000000Z,56.1,ON
9893c80d-f282-46cf-a794-280f0306c936,2021-10-18T16:59:22.000000Z,2021-12-30T22:07:59.000000Z,56.1,ON
9893c80d-f282-46cf-a794-280f0306c936,2021-10-18T17:05:33.000000Z,2021-12-30T22:07:59.000000Z,52.2,ON
9893c80d-f282-46cf-a794-280f0306c936,2021-10-20T17:47:54.000000Z,2021-12-30T22:07:59.000000Z,94.1,ON
9893c80d-f282-46cf-a794-280f0306c936,2021-10-21T13:21:37.000000Z,2021-12-30T22:07:59.000000Z,73.0,ON
9893c80d-f282-46cf-a794-280f0306c936,2021-10-21T18:34:56.000000Z,2021-12-30T22:07:59.000000Z,85.5,ON
9893c80d-f282-46cf-a794-280f0306c936,2021-10-23T13:28:00.000000Z,2021-12-30T22:07:59.000000Z,94.1,ON
9893c80d-f282-46cf-a794-280f0306c936,2021-10-23T13:34:52.000000Z,2021-12-30T22:07:59.000000Z,62.4,ON
9893c80d-f282-46cf-a794-280f0306c936,2021-10-25T16:14:03.000000Z,2021-12-30T22:07:59.000000Z,72.6,ON
9893c80d-f282-46cf-a794-280f0306c936,2021-10-25T16:30:58.000000Z,2021-12-30T22:07:59.000000Z,94.1,ON
9893c80d-f282-46cf-a794-280f0306c936,2021-10-28T01:03:41.000000Z,2021-12-30T22:07:59.000000Z,76.5,ON
9893c80d-f282-46cf-a794-280f0306c936,2021-10-28T14:27:51.000000Z,2021-12-30T22:07:59.000000Z,94.1,ON
9893c80d-f282-46cf-a794-280f0306c936,2021-10-28T14:33:46.000000Z,2021-12-30T22:07:59.000000Z,94.1,ON
9893c80d-f282-46cf-a794-280f0306c936,2021-10-28T18:53:34.000000Z,2021-12-30T22:07:59.000000Z,64.0,ON
9893c80d-f282-46cf-a794-280f0306c936,2021-10-28T19:53:44.000000Z,2021-12-30T22:07:59.000000Z,94.1,ON
9893c80d-f282-46cf-a794-280f0306c936,2021-10-29T19:49:26.000000Z,2021-12-30T22:07:59.000000Z,62.0,ON
9893c80d-f282-46cf-a794-280f0306c936,2021-10-29T20:32:00.000000Z,2021-12-30T22:07:59.000000Z,58.9,ON
9893c80d-f282-46cf-a794-280f0306c936,2021-10-31T12:00:30.000000Z,2021-12-30T22:07:59.000000Z,61.6,ON
9893c80d-f282-46cf-a794-280f0306c936,2021-11-04T23:09:53.000000Z,2021-12-30T22:07:59.000000Z,56.5,ON
9893c80d-f282-46cf-a794-280f0306c936,2021-11-05T23:10:57.000000Z,2021-12-30T22:07:59.000000Z,66.3,ON
9893c80d-f282-46cf-a794-280f0306c936,2021-11-06T02:40:46.000000Z,2021-12-30T22:07:59.000000Z,20.4,ON
9893c80d-f282-46cf-a794-280f0306c936,2021-11-07T21:26:27.000000Z,2021-12-30T22:07:59.000000Z,62.4,ON
9893c80d-f282-46cf-a794-280f0306c936,2021-11-08T17:37:11.000000Z,2021-12-30T22:07:59.000000Z,28.7,ON
9893c80d-f282-46cf-a794-280f0306c936,2021-11-08T17:57:52.000000Z,2021-12-30T22:07:59.000000Z,26.3,ON
9893c80d-f282-46cf-a794-280f0306c936,2021-11-10T23:37:47.000000Z,2021-12-30T22:07:59.000000Z,78.9,ON
9893c80d-f282-46cf-a794-280f0306c936,2021-11-10T23:42:17.000000Z,2021-12-30T22:07:59.000000Z,94.1,ON
9893c80d-f282-46cf-a794-280f0306c936,2021-11-10T23:44:34.000000Z,2021-12-30T22:07:59.000000Z,94.1,ON
9893c80d-f282-46cf-a794-280f0306c936,2021-11-11T22:20:52.000000Z,2021-12-30T22:07:59.000000Z,71.8,ON
9893c80d-f282-46cf-a794-280f0306c936,2021-11-13T16:17:01.000000Z,2021-12-30T22:07:59.000000Z,55.3,ON
9893c80d-f282-46cf-a794-280f0306c936,2021-11-14T23:54:23.000000Z,2021-12-30T22:07:59.000000Z,64.3,ON
9893c80d-f282-46cf-a794-280f0306c936,2021-11-17T15:02:07.000000Z,2021-12-30T22:07:59.000000Z,76.9,ON
9893c80d-f282-46cf-a794-280f0306c936,2021-11-17T22:34:26.000000Z,2021-12-30T22:07:59.000000Z,71.0,ON
9893c80d-f282-46cf-a794-280f0306c936,2021-11-19T13:48:56.000000Z,2021-12-30T22:07:59.000000Z,55.7,ON
9893c80d-f282-46cf-a794-280f0306c936,2021-11-19T19:30:26.000000Z,2021-12-30T22:07:59.000000Z,62.8,ON
9893c80d-f282-46cf-a794-280f0306c936,2021-11-22T13:37:50.000000Z,2021-12-30T22:07:59.000000Z,60.0,ON
9893c80d-f282-46cf-a794-280f0306c936,2021-11-22T17:43:57.000000Z,2021-12-30T22:07:59.000000Z,67.1,ON
9893c80d-f282-46cf-a794-280f0306c936,2021-11-24T02:37:56.000000Z,2021-12-30T22:07:59.000000Z,75.7,ON
9893c80d-f282-46cf-a794-280f0306c936,2021-11-24T17:18:11.000000Z,2021-12-30T22:07:59.000000Z,94.1,ON
9893c80d-f282-46cf-a794-280f0306c936,2021-11-24T17:25:41.000000Z,2021-12-30T22:07:59.000000Z,94.1,ON
9893c80d-f282-46cf-a794-280f0306c936,2021-11-24T17:28:07.000000Z,2021-12-30T22:07:59.000000Z,94.1,ON
9893c80d-f282-46cf-a794-280f0306c936,2021-11-24T17:30:26.000000Z,2021-12-30T22:07:59.000000Z,94.1,ON
9893c80d-f282-46cf-a794-280f0306c936,2021-11-24T17:32:57.000000Z,2021-12-30T22:07:59.000000Z,94.1,ON
9893c80d-f282-46cf-a794-280f0306c936,2021-11-25T16:25:50.000000Z,2021-12-30T22:07:59.000000Z,71.8,ON
9893c80d-f282-46cf-a794-280f0306c936,2021-11-25T21:25:48.000000Z,2021-12-30T22:07:59.000000Z,47.5,ON
9893c80d-f282-46cf-a794-280f0306c936,2021-11-26T00:57:58.000000Z,2021-12-30T22:07:59.000000Z,52.6,ON
9893c80d-f282-46cf-a794-280f0306c936,2021-11-27T14:45:21.000000Z,2021-12-30T22:07:59.000000Z,94.1,ON
9893c80d-f282-46cf-a794-280f0306c936,2021-11-29T04:54:14.000000Z,2021-12-30T22:07:59.000000Z,49.1,ON
9893c80d-f282-46cf-a794-280f0306c936,2021-11-30T00:27:09.000000Z,2021-12-30T22:07:59.000000Z,59.2,ON
9893c80d-f282-46cf-a794-280f0306c936,2021-11-30T22:15:30.000000Z,2021-12-30T22:07:59.000000Z,47.5,ON
9893c80d-f282-46cf-a794-280f0306c936,2021-12-01T19:02:14.000000Z,2021-12-30T22:07:59.000000Z,64.0,ON
9893c80d-f282-46cf-a794-280f0306c936,2021-12-02T17:35:19.000000Z,2021-12-30T22:07:59.000000Z,94.1,ON
9893c80d-f282-46cf-a794-280f0306c936,2021-12-02T18:45:28.000000Z,2021-12-30T22:07:59.000000Z,59.2,ON
9893c80d-f282-46cf-a794-280f0306c936,2021-12-03T17:27:10.000000Z,2021-12-30T22:07:59.000000Z,60.4,ON
9893c80d-f282-46cf-a794-280f0306c936,2021-12-03T20:53:42.000000Z,2021-12-30T22:07:59.000000Z,40.4,ON
9893c80d-f282-46cf-a794-280f0306c936,2021-12-06T18:35:15.000000Z,2021-12-30T22:07:59.000000Z,69.8,ON
9893c80d-f282-46cf-a794-280f0306c936,2021-12-07T20:02:21.000000Z,2021-12-30T22:07:59.000000Z,44.7,ON
9893c80d-f282-46cf-a794-280f0306c936,2021-12-09T14:41:17.000000Z,2021-12-30T22:07:59.000000Z,62.0,ON
9893c80d-f282-46cf-a794-280f0306c936,2021-12-10T15:22:58.000000Z,2021-12-30T22:07:59.000000Z,59.2,ON
9893c80d-f282-46cf-a794-280f0306c936,2021-12-10T15:33:11.000000Z,2021-12-30T22:07:59.000000Z,94.1,ON
9893c80d-f282-46cf-a794-280f0306c936,2021-12-10T15:35:56.000000Z,2021-12-30T22:07:59.000000Z,94.1,ON
9893c80d-f282-46cf-a794-280f0306c936,2021-12-10T15:38:44.000000Z,2021-12-30T22:07:59.000000Z,94.1,ON
9893c80d-f282-46cf-a794-280f0306c936,2021-12-10T15:57:11.000000Z,2021-12-30T22:07:59.000000Z,94.1,ON
9893c80d-f282-46cf-a794-280f0306c936,2021-12-10T15:58:52.000000Z,2021-12-30T22:07:59.000000Z,94.1,ON
9893c80d-f282-46cf-a794-280f0306c936,2021-12-11T15:50:56.000000Z,2021-12-30T22:07:59.000000Z,85.9,ON
9893c80d-f282-46cf-a794-280f0306c936,2021-12-11T20:00:21.000000Z,2021-12-30T22:07:59.000000Z,60.4,ON
9893c80d-f282-46cf-a794-280f0306c936,2021-12-12T02:53:20.000000Z,2021-12-30T22:07:59.000000Z,47.9,ON
9893c80d-f282-46cf-a794-280f0306c936,2021-12-12T16:41:12.000000Z,2021-12-30T22:07:59.000000Z,22.0,ON
9893c80d-f282-46cf-a794-280f0306c936,2021-12-13T17:13:34.000000Z,2021-12-30T22:07:59.000000Z,49.1,ON
9893c80d-f282-46cf-a794-280f0306c936,2021-12-14T20:14:28.000000Z,2021-12-30T22:07:59.000000Z,56.9,ON
9893c80d-f282-46cf-a794-280f0306c936,2021-12-14T20:45:58.000000Z,2021-12-30T22:07:59.000000Z,94.1,ON
9893c80d-f282-46cf-a794-280f0306c936,2021-12-14T21:32:57.000000Z,2021-12-30T22:07:59.000000Z,38.1,ON
9893c80d-f282-46cf-a794-280f0306c936,2021-12-15T20:04:04.000000Z,2021-12-30T22:07:59.000000Z,38.9,ON
9893c80d-f282-46cf-a794-280f0306c936,2021-12-16T15:32:17.000000Z,2021-12-30T22:07:59.000000Z,94.1,ON
9893c80d-f282-46cf-a794-280f0306c936,2021-12-16T22:15:47.000000Z,2021-12-30T22:07:59.000000Z,94.1,ON
9893c80d-f282-46cf-a794-280f0306c936,2021-12-17T21:30:10.000000Z,2021-12-30T22:07:59.000000Z,36.5,ON
9893c80d-f282-46cf-a794-280f0306c936,2021-12-18T17:59:30.000000Z,2021-12-30T22:07:59.000000Z,28.3,ON
9893c80d-f282-46cf-a794-280f0306c936,2021-12-19T16:35:24.000000Z,2021-12-30T22:07:59.000000Z,36.1,ON
9893c80d-f282-46cf-a794-280f0306c936,2021-12-20T16:48:59.000000Z,2021-12-30T22:07:59.000000Z,55.3,ON
9893c80d-f282-46cf-a794-280f0306c936,2021-12-20T21:37:21.000000Z,2021-12-30T22:07:59.000000Z,51.0,ON
9893c80d-f282-46cf-a794-280f0306c936,2021-12-21T17:36:21.000000Z,2021-12-30T22:07:59.000000Z,29.1,ON
9893c80d-f282-46cf-a794-280f0306c936,2021-12-22T16:24:35.000000Z,2021-12-30T22:07:59.000000Z,57.7,ON
9893c80d-f282-46cf-a794-280f0306c936,2021-12-23T18:33:13.000000Z,2021-12-30T22:07:59.000000Z,56.1,ON
9893c80d-f282-46cf-a794-280f0306c936,2021-12-24T23:02:56.000000Z,2021-12-30T22:07:59.000000Z,64.3,ON
9893c80d-f282-46cf-a794-280f0306c936,2021-12-25T00:59:19.000000Z,2021-12-30T22:07:59.000000Z,35.7,ON
9893c80d-f282-46cf-a794-280f0306c936,2021-12-25T19:40:09.000000Z,2021-12-30T22:07:59.000000Z,10.2,ON
9893c80d-f282-46cf-a794-280f0306c936,2021-12-26T00:17:49.000000Z,2021-12-30T22:07:59.000000Z,24.3,ON
9893c80d-f282-46cf-a794-280f0306c936,2021-12-27T16:36:24.000000Z,2021-12-30T22:07:59.000000Z,22.4,ON
9893c80d-f282-46cf-a794-280f0306c936,2021-12-27T20:13:49.000000Z,2021-12-30T22:07:59.000000Z,22.8,ON
9893c80d-f282-46cf-a794-280f0306c936,2021-12-29T20:26:21.000000Z,2021-12-30T22:07:59.000000Z,94.1,ON
9893c80d-f282-46cf-a794-280f0306c936,2021-12-30T21:09:27.000000Z,2021-12-30T22:07:59.000000Z,30.2,OFF
d44b765e-d86f-46f8-ba46-8cd913c49285,2021-09-01T15:50:34.000000Z,2021-09-01T18:35:14.000000Z,17.3,OFF
d44b765e-d86f-46f8-ba46-8cd913c49285,2021-09-03T19:43:41.000000Z,2021-09-13T21:30:25.000000Z,34.2,ON
d44b765e-d86f-46f8-ba46-8cd913c49285,2021-09-04T19:51:31.000000Z,2021-09-13T21:30:25.000000Z,94.9,ON
d44b765e-d86f-46f8-ba46-8cd913c49285,2021-09-05T17:24:43.000000Z,2021-09-13T21:30:25.000000Z,94.9,ON
d44b765e-d86f-46f8-ba46-8cd913c49285,2021-09-06T21:12:57.000000Z,2021-09-13T21:30:25.000000Z,58.9,ON
d44b765e-d86f-46f8-ba46-8cd913c49285,2021-09-07T15:35:47.000000Z,2021-09-13T21:30:25.000000Z,50.2,ON
d44b765e-d86f-46f8-ba46-8cd913c49285,2021-09-08T19:11:59.000000Z,2021-09-13T21:30:25.000000Z,45.9,ON
d44b765e-d86f-46f8-ba46-8cd913c49285,2021-09-08T21:21:55.000000Z,2021-09-13T21:30:25.000000Z,41.6,ON
d44b765e-d86f-46f8-ba46-8cd913c49285,2021-09-09T14:58:17.000000Z,2021-09-13T21:30:25.000000Z,42.8,ON
d44b765e-d86f-46f8-ba46-8cd913c49285,2021-09-09T19:06:44.000000Z,2021-09-13T21:30:25.000000Z,94.9,ON
d44b765e-d86f-46f8-ba46-8cd913c49285,2021-09-09T23:08:38.000000Z,2021-09-13T21:30:25.000000Z,52.6,ON
d44b765e-d86f-46f8-ba46-8cd913c49285,2021-09-10T16:12:51.000000Z,2021-09-13T21:30:25.000000Z,48.3,ON
d44b765e-d86f-46f8-ba46-8cd913c49285,2021-09-12T18:11:48.000000Z,2021-09-13T21:30:25.000000Z,94.9,ON
d44b765e-d86f-46f8-ba46-8cd913c49285,2021-09-13T15:50:01.000000Z,2021-09-13T21:30:25.000000Z,34.9,OFF
d44b765e-d86f-46f8-ba46-8cd913c49285,2021-09-15T15:34:05.000000Z,2021-09-15T21:06:05.000000Z,94.9,OFF
d44b765e-d86f-46f8-ba46-8cd913c49285,2021-09-17T15:32:53.000000Z,2021-09-17T20:36:46.000000Z,31.8,OFF
d44b765e-d86f-46f8-ba46-8cd913c49285,2021-09-20T15:37:58.000000Z,2021-09-20T20:27:01.000000Z,29.9,OFF
d44b765e-d86f-46f8-ba46-8cd913c49285,2021-09-21T16:44:56.000000Z,2021-09-22T19:59:43.000000Z,16.1,ON
d44b765e-d86f-46f8-ba46-8cd913c49285,2021-09-21T16:46:06.000000Z,2021-09-22T19:59:43.000000Z,16.1,ON
d44b765e-d86f-46f8-ba46-8cd913c49285,2021-09-22T17:04:35.000000Z,2021-09-22T19:59:43.000000Z,18.1,OFF
d44b765e-d86f-46f8-ba46-8cd913c49285,2021-09-24T16:44:07.000000Z,2021-09-24T21:07:27.000000Z,26.7,OFF
d44b765e-d86f-46f8-ba46-8cd913c49285,2021-09-26T20:53:01.000000Z,2021-09-27T23:34:00.000000Z,94.9,ON
d44b765e-d86f-46f8-ba46-8cd913c49285,2021-09-27T15:33:59.000000Z,2021-09-27T23:34:00.000000Z,50.2,OFF
d44b765e-d86f-46f8-ba46-8cd913c49285,2021-09-29T15:39:09.000000Z,2021-10-01T22:15:36.000000Z,43.6,ON
d44b765e-d86f-46f8-ba46-8cd913c49285,2021-10-02T16:03:49.000000Z,2021-10-02T17:55:40.000000Z,11.8,OFF
d44b765e-d86f-46f8-ba46-8cd913c49285,2021-10-03T00:50:55.000000Z,2021-10-04T22:46:12.000000Z,35.7,ON
d44b765e-d86f-46f8-ba46-8cd913c49285,2021-10-03T18:49:37.000000Z,2021-10-04T22:46:12.000000Z,94.5,ON
d44b765e-d86f-46f8-ba46-8cd913c49285,2021-10-04T16:37:35.000000Z,2021-10-04T22:46:12.000000Z,37.7,OFF
d44b765e-d86f-46f8-ba46-8cd913c49285,2021-10-06T15:38:58.000000Z,2021-10-06T21:00:33.000000Z,32.2,OFF
d44b765e-d86f-46f8-ba46-8cd913c49285,2021-10-07T18:16:15.000000Z,2021-10-07T21:27:38.000000Z,19.3,OFF
d44b765e-d86f-46f8-ba46-8cd913c49285,2021-10-11T15:34:41.000000Z,2021-10-11T23:22:29.000000Z,49.5,OFF
d44b765e-d86f-46f8-ba46-8cd913c49285,2021-10-12T19:43:17.000000Z,2021-10-13T23:13:32.000000Z,22.4,ON
d44b765e-d86f-46f8-ba46-8cd913c49285,2021-10-13T18:54:50.000000Z,2021-10-13T23:13:32.000000Z,26.7,OFF
d44b765e-d86f-46f8-ba46-8cd913c49285,2021-10-15T16:49:20.000000Z,2021-10-27T21:05:51.000000Z,94.9,ON
d44b765e-d86f-46f8-ba46-8cd913c49285,2021-10-15T18:00:49.000000Z,2021-10-27T21:05:51.000000Z,40.8,ON
d44b765e-d86f-46f8-ba46-8cd913c49285,2021-10-16T19:15:06.000000Z,2021-10-27T21:05:51.000000Z,68.7,ON
d44b765e-d86f-46f8-ba46-8cd913c49285,2021-10-17T16:54:28.000000Z,2021-10-27T21:05:51.000000Z,59.3,ON
d44b765e-d86f-46f8-ba46-8cd913c49285,2021-10-18T15:50:20.000000Z,2021-10-27T21:05:51.000000Z,64.0,ON
d44b765e-d86f-46f8-ba46-8cd913c49285,2021-10-19T18:09:02.000000Z,2021-10-27T21:05:51.000000Z,40.0,ON
d44b765e-d86f-46f8-ba46-8cd913c49285,2021-10-22T16:22:52.000000Z,2021-10-27T21:05:51.000000Z,49.9,ON
d44b765e-d86f-46f8-ba46-8cd913c49285,2021-10-22T20:02:48.000000Z,2021-10-27T21:05:51.000000Z,40.0,ON
d44b765e-d86f-46f8-ba46-8cd913c49285,2021-10-26T16:24:57.000000Z,2021-10-27T21:05:51.000000Z,56.1,ON
d44b765e-d86f-46f8-ba46-8cd913c49285,2021-10-26T16:29:22.000000Z,2021-10-27T21:05:51.000000Z,56.1,ON
d44b765e-d86f-46f8-ba46-8cd913c49285,2021-10-26T21:51:16.000000Z,2021-10-27T21:05:51.000000Z,94.9,ON
d44b765e-d86f-46f8-ba46-8cd913c49285,2021-10-26T21:51:27.000000Z,2021-10-27T21:05:51.000000Z,94.9,ON
d44b765e-d86f-46f8-ba46-8cd913c49285,2021-10-26T22:33:31.000000Z,2021-10-27T21:05:51.000000Z,19.3,ON
d44b765e-d86f-46f8-ba46-8cd913c49285,2021-10-27T15:41:24.000000Z,2021-10-27T21:05:51.000000Z,33.8,OFF
d44b765e-d86f-46f8-ba46-8cd913c49285,2021-10-29T20:30:40.000000Z,2021-11-08T23:46:47.000000Z,28.7,ON
d44b765e-d86f-46f8-ba46-8cd913c49285,2021-11-01T20:46:41.000000Z,2021-11-08T23:46:47.000000Z,37.7,ON
d44b765e-d86f-46f8-ba46-8cd913c49285,2021-11-03T15:45:21.000000Z,2021-11-08T23:46:47.000000Z,52.6,ON
d44b765e-d86f-46f8-ba46-8cd913c49285,2021-11-04T19:54:10.000000Z,2021-11-08T23:46:47.000000Z,22.4,ON
d44b765e-d86f-46f8-ba46-8cd913c49285,2021-11-08T16:48:51.000000Z,2021-11-08T23:46:47.000000Z,47.5,OFF
d44b765e-d86f-46f8-ba46-8cd913c49285,2021-11-09T19:12:58.000000Z,2021-11-09T22:27:26.000000Z,20.4,OFF
d44b765e-d86f-46f8-ba46-8cd913c49285,2021-11-10T17:57:19.000000Z,2021-11-10T21:38:08.000000Z,20.8,ON
d44b765e-d86f-46f8-ba46-8cd913c49285,2021-11-10T19:31:14.000000Z,2021-11-10T21:38:08.000000Z,12.6,OFF
d44b765e-d86f-46f8-ba46-8cd913c49285,2021-11-11T19:02:03.000000Z,2021-11-11T21:42:55.000000Z,17.3,OFF
d44b765e-d86f-46f8-ba46-8cd913c49285,2021-11-12T21:55:22.000000Z,2021-12-11T00:02:30.000000Z,18.5,ON
d44b765e-d86f-46f8-ba46-8cd913c49285,2021-11-16T19:02:43.000000Z,2021-12-11T00:02:30.000000Z,39.7,ON
d44b765e-d86f-46f8-ba46-8cd913c49285,2021-11-17T20:21:57.000000Z,2021-12-11T00:02:30.000000Z,28.3,ON
d44b765e-d86f-46f8-ba46-8cd913c49285,2021-11-18T22:45:39.000000Z,2021-12-11T00:02:30.000000Z,27.1,ON
d44b765e-d86f-46f8-ba46-8cd913c49285,2021-11-19T21:04:56.000000Z,2021-12-11T00:02:30.000000Z,38.1,ON
d44b765e-d86f-46f8-ba46-8cd913c49285,2021-11-21T17:00:32.000000Z,2021-12-11T00:02:30.000000Z,53.0,ON
d44b765e-d86f-46f8-ba46-8cd913c49285,2021-11-21T18:59:58.000000Z,2021-12-11T00:02:30.000000Z,42.0,ON
d44b765e-d86f-46f8-ba46-8cd913c49285,2021-11-22T17:32:28.000000Z,2021-12-11T00:02:30.000000Z,52.2,ON
d44b765e-d86f-46f8-ba46-8cd913c49285,2021-11-23T19:15:42.000000Z,2021-12-11T00:02:30.000000Z,94.9,ON
d44b765e-d86f-46f8-ba46-8cd913c49285,2021-11-25T19:36:26.000000Z,2021-12-11T00:02:30.000000Z,52.2,ON
d44b765e-d86f-46f8-ba46-8cd913c49285,2021-11-26T20:50:33.000000Z,2021-12-11T00:02:30.000000Z,45.9,ON
d44b765e-d86f-46f8-ba46-8cd913c49285,2021-11-29T16:46:07.000000Z,2021-12-11T00:02:30.000000Z,56.1,ON
d44b765e-d86f-46f8-ba46-8cd913c49285,2021-12-01T16:42:41.000000Z,2021-12-11T00:02:30.000000Z,56.1,ON
d44b765e-d86f-46f8-ba46-8cd913c49285,2021-12-03T18:45:15.000000Z,2021-12-11T00:02:30.000000Z,44.4,ON
d44b765e-d86f-46f8-ba46-8cd913c49285,2021-12-04T20:37:40.000000Z,2021-12-11T00:02:30.000000Z,53.8,ON
d44b765e-d86f-46f8-ba46-8cd913c49285,2021-12-04T21:35:12.000000Z,2021-12-11T00:02:30.000000Z,94.9,ON
d44b765e-d86f-46f8-ba46-8cd913c49285,2021-12-05T17:45:02.000000Z,2021-12-11T00:02:30.000000Z,58.1,ON
d44b765e-d86f-46f8-ba46-8cd913c49285,2021-12-06T20:00:24.000000Z,2021-12-11T00:02:30.000000Z,94.9,ON
d44b765e-d86f-46f8-ba46-8cd913c49285,2021-12-07T23:28:22.000000Z,2021-12-11T00:02:30.000000Z,55.3,ON
d44b765e-d86f-46f8-ba46-8cd913c49285,2021-12-09T18:52:22.000000Z,2021-12-11T00:02:30.000000Z,69.1,ON
d44b765e-d86f-46f8-ba46-8cd913c49285,2021-12-10T01:11:52.000000Z,2021-12-11T00:02:30.000000Z,44.8,ON
d44b765e-d86f-46f8-ba46-8cd913c49285,2021-12-10T18:53:08.000000Z,2021-12-11T00:02:30.000000Z,33.0,OFF
d44b765e-d86f-46f8-ba46-8cd913c49285,2021-12-14T17:16:47.000000Z,2022-01-14T18:02:53.000000Z,31.8,ON
d44b765e-d86f-46f8-ba46-8cd913c49285,2021-12-15T17:46:02.000000Z,2022-01-14T18:02:53.000000Z,37.3,ON
d44b765e-d86f-46f8-ba46-8cd913c49285,2021-12-16T19:19:43.000000Z,2022-01-14T18:02:53.000000Z,47.5,ON
d44b765e-d86f-46f8-ba46-8cd913c49285,2021-12-17T19:49:42.000000Z,2022-01-14T18:02:53.000000Z,100.0,ON
d44b765e-d86f-46f8-ba46-8cd913c49285,2021-12-30T19:53:50.000000Z,2022-01-14T18:02:53.000000Z,38.5,ON
d44b765e-d86f-46f8-ba46-8cd913c49285,2022-01-04T16:45:10.000000Z,2022-01-14T18:02:53.000000Z,61.2,ON
d44b765e-d86f-46f8-ba46-8cd913c49285,2022-01-04T19:01:41.000000Z,2022-01-14T18:02:53.000000Z,20.8,ON
d44b765e-d86f-46f8-ba46-8cd913c49285,2022-01-06T22:56:12.000000Z,2022-01-14T18:02:53.000000Z,33.0,ON
d44b765e-d86f-46f8-ba46-8cd913c49285,2022-01-07T16:51:16.000000Z,2022-01-14T18:02:53.000000Z,53.8,ON
d44b765e-d86f-46f8-ba46-8cd913c49285,2022-01-07T18:36:54.000000Z,2022-01-14T18:02:53.000000Z,23.6,ON
d44b765e-d86f-46f8-ba46-8cd913c49285,2022-01-08T17:09:19.000000Z,2022-01-14T18:02:53.000000Z,46.3,ON
d44b765e-d86f-46f8-ba46-8cd913c49285,2022-01-08T17:34:54.000000Z,2022-01-14T18:02:53.000000Z,100.0,ON
d44b765e-d86f-46f8-ba46-8cd913c49285,2022-01-08T21:47:01.000000Z,2022-01-14T18:02:53.000000Z,63.6,ON
d44b765e-d86f-46f8-ba46-8cd913c49285,2022-01-08T21:47:08.000000Z,2022-01-14T18:02:53.000000Z,63.6,ON
d44b765e-d86f-46f8-ba46-8cd913c49285,2022-01-10T20:59:45.000000Z,2022-01-14T18:02:53.000000Z,66.3,ON
d44b765e-d86f-46f8-ba46-8cd913c49285,2022-01-11T16:54:06.000000Z,2022-01-14T18:02:53.000000Z,55.3,ON
d44b765e-d86f-46f8-ba46-8cd913c49285,2022-01-12T17:48:12.000000Z,2022-01-14T18:02:53.000000Z,100.0,ON
d44b765e-d86f-46f8-ba46-8cd913c49285,2022-01-12T20:00:42.000000Z,2022-01-14T18:02:53.000000Z,27.9,ON
d44b765e-d86f-46f8-ba46-8cd913c49285,2022-01-14T16:53:13.000000Z,2022-01-14T18:02:53.000000Z,36.1,OFF
d44b765e-d86f-46f8-ba46-8cd913c49285,2022-01-18T19:16:21.000000Z,2022-01-18T22:34:28.000000Z,20.4,OFF
d44b765e-d86f-46f8-ba46-8cd913c49285,2022-01-20T18:33:43.000000Z,2022-01-26T20:31:19.000000Z,52.2,ON
d44b765e-d86f-46f8-ba46-8cd913c49285,2022-01-23T18:31:55.000000Z,2022-01-26T20:31:19.000000Z,58.5,ON
d44b765e-d86f-46f8-ba46-8cd913c49285,2022-01-23T19:02:34.000000Z,2022-01-26T20:31:19.000000Z,58.9,ON
d44b765e-d86f-46f8-ba46-8cd913c49285,2022-01-23T19:56:45.000000Z,2022-01-26T20:31:19.000000Z,51.8,ON
d44b765e-d86f-46f8-ba46-8cd913c49285,2022-01-24T19:39:49.000000Z,2022-01-26T20:31:19.000000Z,25.9,ON
d44b765e-d86f-46f8-ba46-8cd913c49285,2022-01-25T16:41:33.000000Z,2022-01-26T20:31:19.000000Z,28.3,ON
d44b765e-d86f-46f8-ba46-8cd913c49285,2022-01-26T16:27:17.000000Z,2022-01-26T20:31:19.000000Z,25.9,OFF
fc86bd41-dd55-4d15-bb3f-35e31c7759e6,2021-09-01T15:31:54.000000Z,2021-09-13T07:45:31.000000Z,54.6,ON
fc86bd41-dd55-4d15-bb3f-35e31c7759e6,2021-09-01T17:37:16.000000Z,2021-09-13T07:45:31.000000Z,19.7,ON
fc86bd41-dd55-4d15-bb3f-35e31c7759e6,2021-09-01T21:45:34.000000Z,2021-09-13T07:45:31.000000Z,28.3,ON
fc86bd41-dd55-4d15-bb3f-35e31c7759e6,2021-09-01T23:53:47.000000Z,2021-09-13T07:45:31.000000Z,25.5,ON
fc86bd41-dd55-4d15-bb3f-35e31c7759e6,2021-09-02T16:35:55.000000Z,2021-09-13T07:45:31.000000Z,40.0,ON
fc86bd41-dd55-4d15-bb3f-35e31c7759e6,2021-09-03T02:18:20.000000Z,2021-09-13T07:45:31.000000Z,53.4,ON
fc86bd41-dd55-4d15-bb3f-35e31c7759e6,2021-09-03T04:00:25.000000Z,2021-09-13T07:45:31.000000Z,26.3,ON
fc86bd41-dd55-4d15-bb3f-35e31c7759e6,2021-09-06T00:23:12.000000Z,2021-09-13T07:45:31.000000Z,43.2,ON
fc86bd41-dd55-4d15-bb3f-35e31c7759e6,2021-09-06T01:05:52.000000Z,2021-09-13T07:45:31.000000Z,25.1,ON
fc86bd41-dd55-4d15-bb3f-35e31c7759e6,2021-09-06T13:55:34.000000Z,2021-09-13T07:45:31.000000Z,61.2,ON
fc86bd41-dd55-4d15-bb3f-35e31c7759e6,2021-09-06T16:53:47.000000Z,2021-09-13T07:45:31.000000Z,21.2,ON
fc86bd41-dd55-4d15-bb3f-35e31c7759e6,2021-09-07T00:52:47.000000Z,2021-09-13T07:45:31.000000Z,61.2,ON
fc86bd41-dd55-4d15-bb3f-35e31c7759e6,2021-09-07T01:40:25.000000Z,2021-09-13T07:45:31.000000Z,22.8,ON
fc86bd41-dd55-4d15-bb3f-35e31c7759e6,2021-09-07T20:58:49.000000Z,2021-09-13T07:45:31.000000Z,45.9,ON
fc86bd41-dd55-4d15-bb3f-35e31c7759e6,2021-09-08T01:23:25.000000Z,2021-09-13T07:45:31.000000Z,55.0,ON
fc86bd41-dd55-4d15-bb3f-35e31c7759e6,2021-09-08T13:06:23.000000Z,2021-09-13T07:45:31.000000Z,30.6,ON
fc86bd41-dd55-4d15-bb3f-35e31c7759e6,2021-09-08T16:31:00.000000Z,2021-09-13T07:45:31.000000Z,48.3,ON
fc86bd41-dd55-4d15-bb3f-35e31c7759e6,2021-09-08T20:10:41.000000Z,2021-09-13T07:45:31.000000Z,43.2,ON
fc86bd41-dd55-4d15-bb3f-35e31c7759e6,2021-09-09T00:30:07.000000Z,2021-09-13T07:45:31.000000Z,31.4,ON
fc86bd41-dd55-4d15-bb3f-35e31c7759e6,2021-09-09T19:54:12.000000Z,2021-09-13T07:45:31.000000Z,61.6,ON
fc86bd41-dd55-4d15-bb3f-35e31c7759e6,2021-09-10T01:15:54.000000Z,2021-09-13T07:45:31.000000Z,43.2,ON
fc86bd41-dd55-4d15-bb3f-35e31c7759e6,2021-09-10T01:39:37.000000Z,2021-09-13T07:45:31.000000Z,37.3,ON
fc86bd41-dd55-4d15-bb3f-35e31c7759e6,2021-09-10T13:29:29.000000Z,2021-09-13T07:45:31.000000Z,58.1,ON
fc86bd41-dd55-4d15-bb3f-35e31c7759e6,2021-09-10T17:08:33.000000Z,2021-09-13T07:45:31.000000Z,33.8,ON
fc86bd41-dd55-4d15-bb3f-35e31c7759e6,2021-09-10T23:57:13.000000Z,2021-09-13T07:45:31.000000Z,33.4,ON
fc86bd41-dd55-4d15-bb3f-35e31c7759e6,2021-09-11T06:38:26.000000Z,2021-09-13T07:45:31.000000Z,51.8,ON
fc86bd41-dd55-4d15-bb3f-35e31c7759e6,2021-09-11T09:11:42.000000Z,2021-09-13T07:45:31.000000Z,48.3,ON
fc86bd41-dd55-4d15-bb3f-35e31c7759e6,2021-09-11T15:33:35.000000Z,2021-09-13T07:45:31.000000Z,56.1,OFF
fc86bd41-dd55-4d15-bb3f-35e31c7759e6,2021-09-13T23:53:34.000000Z,2021-09-19T01:10:27.000000Z,20.0,ON
fc86bd41-dd55-4d15-bb3f-35e31c7759e6,2021-09-14T20:53:00.000000Z,2021-09-19T01:10:27.000000Z,39.2,ON
fc86bd41-dd55-4d15-bb3f-35e31c7759e6,2021-09-15T13:34:26.000000Z,2021-09-19T01:10:27.000000Z,40.0,ON
fc86bd41-dd55-4d15-bb3f-35e31c7759e6,2021-09-15T16:45:30.000000Z,2021-09-19T01:10:27.000000Z,43.5,ON
fc86bd41-dd55-4d15-bb3f-35e31c7759e6,2021-09-15T17:53:37.000000Z,2021-09-19T01:10:27.000000Z,14.5,ON
fc86bd41-dd55-4d15-bb3f-35e31c7759e6,2021-09-15T22:25:07.000000Z,2021-09-19T01:10:27.000000Z,31.0,ON
fc86bd41-dd55-4d15-bb3f-35e31c7759e6,2021-09-16T02:12:01.000000Z,2021-09-19T01:10:27.000000Z,33.7,ON
fc86bd41-dd55-4d15-bb3f-35e31c7759e6,2021-09-16T16:47:54.000000Z,2021-09-19T01:10:27.000000Z,59.2,ON
fc86bd41-dd55-4d15-bb3f-35e31c7759e6,2021-09-16T18:05:04.000000Z,2021-09-19T01:10:27.000000Z,12.9,ON
fc86bd41-dd55-4d15-bb3f-35e31c7759e6,2021-09-17T13:28:59.000000Z,2021-09-19T01:10:27.000000Z,52.9,OFF
fc86bd41-dd55-4d15-bb3f-35e31c7759e6,2021-09-20T02:08:03.000000Z,2021-09-20T12:01:03.000000Z,11.8,ON
fc86bd41-dd55-4d15-bb3f-35e31c7759e6,2021-09-20T22:23:49.000000Z,2021-10-31T01:17:08.000000Z,34.2,ON
fc86bd41-dd55-4d15-bb3f-35e31c7759e6,2021-09-21T01:10:51.000000Z,2021-10-31T01:17:08.000000Z,47.5,ON
fc86bd41-dd55-4d15-bb3f-35e31c7759e6,2021-09-21T03:11:10.000000Z,2021-10-31T01:17:08.000000Z,20.4,ON
fc86bd41-dd55-4d15-bb3f-35e31c7759e6,2021-09-21T21:37:28.000000Z,2021-10-31T01:17:08.000000Z,39.7,ON
fc86bd41-dd55-4d15-bb3f-35e31c7759e6,2021-09-22T02:30:27.000000Z,2021-10-31T01:17:08.000000Z,58.9,ON
fc86bd41-dd55-4d15-bb3f-35e31c7759e6,2021-09-22T03:23:02.000000Z,2021-10-31T01:17:08.000000Z,27.9,ON
fc86bd41-dd55-4d15-bb3f-35e31c7759e6,2021-09-22T15:44:05.000000Z,2021-10-31T01:17:08.000000Z,47.9,ON
fc86bd41-dd55-4d15-bb3f-35e31c7759e6,2021-09-22T16:27:13.000000Z,2021-10-31T01:17:08.000000Z,22.8,ON
fc86bd41-dd55-4d15-bb3f-35e31c7759e6,2021-09-22T23:37:46.000000Z,2021-10-31T01:17:08.000000Z,35.3,ON
fc86bd41-dd55-4d15-bb3f-35e31c7759e6,2021-09-23T02:45:28.000000Z,2021-10-31T01:17:08.000000Z,35.3,ON
fc86bd41-dd55-4d15-bb3f-35e31c7759e6,2021-09-23T21:27:31.000000Z,2021-10-31T01:17:08.000000Z,47.1,ON
fc86bd41-dd55-4d15-bb3f-35e31c7759e6,2021-09-24T02:16:38.000000Z,2021-10-31T01:17:08.000000Z,42.4,ON
fc86bd41-dd55-4d15-bb3f-35e31c7759e6,2021-09-24T13:02:46.000000Z,2021-10-31T01:17:08.000000Z,50.2,ON
fc86bd41-dd55-4d15-bb3f-35e31c7759e6,2021-09-24T22:12:05.000000Z,2021-10-31T01:17:08.000000Z,42.4,ON
fc86bd41-dd55-4d15-bb3f-35e31c7759e6,2021-09-25T14:23:48.000000Z,2021-10-31T01:17:08.000000Z,60.0,ON
fc86bd41-dd55-4d15-bb3f-35e31c7759e6,2021-09-26T01:30:18.000000Z,2021-10-31T01:17:08.000000Z,42.4,ON
fc86bd41-dd55-4d15-bb3f-35e31c7759e6,2021-09-26T10:03:39.000000Z,2021-10-31T01:17:08.000000Z,40.4,ON
fc86bd41-dd55-4d15-bb3f-35e31c7759e6,2021-09-27T05:15:26.000000Z,2021-10-31T01:17:08.000000Z,67.5,ON
fc86bd41-dd55-4d15-bb3f-35e31c7759e6,2021-09-27T19:19:40.000000Z,2021-10-31T01:17:08.000000Z,76.9,ON
fc86bd41-dd55-4d15-bb3f-35e31c7759e6,2021-09-27T20:26:14.000000Z,2021-10-31T01:17:08.000000Z,22.0,ON
fc86bd41-dd55-4d15-bb3f-35e31c7759e6,2021-09-28T21:49:54.000000Z,2021-10-31T01:17:08.000000Z,45.1,ON
fc86bd41-dd55-4d15-bb3f-35e31c7759e6,2021-09-28T22:38:46.000000Z,2021-10-31T01:17:08.000000Z,42.0,ON
fc86bd41-dd55-4d15-bb3f-35e31c7759e6,2021-09-29T03:29:21.000000Z,2021-10-31T01:17:08.000000Z,35.0,ON
fc86bd41-dd55-4d15-bb3f-35e31c7759e6,2021-09-29T18:09:29.000000Z,2021-10-31T01:17:08.000000Z,42.4,ON
fc86bd41-dd55-4d15-bb3f-35e31c7759e6,2021-09-29T20:09:56.000000Z,2021-10-31T01:17:08.000000Z,43.2,ON
fc86bd41-dd55-4d15-bb3f-35e31c7759e6,2021-09-30T03:09:15.000000Z,2021-10-31T01:17:08.000000Z,49.5,ON
fc86bd41-dd55-4d15-bb3f-35e31c7759e6,2021-09-30T13:33:06.000000Z,2021-10-31T01:17:08.000000Z,55.7,ON
fc86bd41-dd55-4d15-bb3f-35e31c7759e6,2021-09-30T17:00:43.000000Z,2021-10-31T01:17:08.000000Z,54.6,ON
fc86bd41-dd55-4d15-bb3f-35e31c7759e6,2021-10-01T01:33:06.000000Z,2021-10-31T01:17:08.000000Z,65.1,ON
fc86bd41-dd55-4d15-bb3f-35e31c7759e6,2021-10-01T01:58:30.000000Z,2021-10-31T01:17:08.000000Z,45.1,ON
fc86bd41-dd55-4d15-bb3f-35e31c7759e6,2021-10-01T15:31:38.000000Z,2021-10-31T01:17:08.000000Z,49.9,ON
fc86bd41-dd55-4d15-bb3f-35e31c7759e6,2021-10-01T20:33:47.000000Z,2021-10-31T01:17:08.000000Z,50.2,ON
fc86bd41-dd55-4d15-bb3f-35e31c7759e6,2021-10-02T00:11:43.000000Z,2021-10-31T01:17:08.000000Z,41.2,ON
fc86bd41-dd55-4d15-bb3f-35e31c7759e6,2021-10-02T02:55:14.000000Z,2021-10-31T01:17:08.000000Z,60.0,ON
fc86bd41-dd55-4d15-bb3f-35e31c7759e6,2021-10-02T03:25:29.000000Z,2021-10-31T01:17:08.000000Z,27.9,ON
fc86bd41-dd55-4d15-bb3f-35e31c7759e6,2021-10-02T09:24:33.000000Z,2021-10-31T01:17:08.000000Z,61.6,ON
fc86bd41-dd55-4d15-bb3f-35e31c7759e6,2021-10-02T21:11:54.000000Z,2021-10-31T01:17:08.000000Z,75.3,ON
fc86bd41-dd55-4d15-bb3f-35e31c7759e6,2021-10-03T02:23:50.000000Z,2021-10-31T01:17:08.000000Z,38.9,ON
fc86bd41-dd55-4d15-bb3f-35e31c7759e6,2021-10-03T09:49:21.000000Z,2021-10-31T01:17:08.000000Z,51.8,ON
fc86bd41-dd55-4d15-bb3f-35e31c7759e6,2021-10-03T19:24:29.000000Z,2021-10-31T01:17:08.000000Z,52.6,ON
fc86bd41-dd55-4d15-bb3f-35e31c7759e6,2021-10-03T23:27:43.000000Z,2021-10-31T01:17:08.000000Z,46.3,ON
fc86bd41-dd55-4d15-bb3f-35e31c7759e6,2021-10-03T23:55:47.000000Z,2021-10-31T01:17:08.000000Z,34.6,ON
fc86bd41-dd55-4d15-bb3f-35e31c7759e6,2021-10-04T16:31:34.000000Z,2021-10-31T01:17:08.000000Z,33.8,ON
fc86bd41-dd55-4d15-bb3f-35e31c7759e6,2021-10-05T00:28:33.000000Z,2021-10-31T01:17:08.000000Z,43.6,ON
fc86bd41-dd55-4d15-bb3f-35e31c7759e6,2021-10-05T15:36:56.000000Z,2021-10-31T01:17:08.000000Z,53.8,ON
fc86bd41-dd55-4d15-bb3f-35e31c7759e6,2021-10-06T02:01:39.000000Z,2021-10-31T01:17:08.000000Z,77.7,ON
fc86bd41-dd55-4d15-bb3f-35e31c7759e6,2021-10-06T02:49:12.000000Z,2021-10-31T01:17:08.000000Z,43.2,ON
fc86bd41-dd55-4d15-bb3f-35e31c7759e6,2021-10-06T15:18:37.000000Z,2021-10-31T01:17:08.000000Z,41.6,ON
fc86bd41-dd55-4d15-bb3f-35e31c7759e6,2021-10-06T15:56:35.000000Z,2021-10-31T01:17:08.000000Z,29.5,ON
fc86bd41-dd55-4d15-bb3f-35e31c7759e6,2021-10-06T23:47:08.000000Z,2021-10-31T01:17:08.000000Z,46.7,ON
fc86bd41-dd55-4d15-bb3f-35e31c7759e6,2021-10-07T00:36:11.000000Z,2021-10-31T01:17:08.000000Z,20.8,ON
fc86bd41-dd55-4d15-bb3f-35e31c7759e6,2021-10-08T01:30:51.000000Z,2021-10-31T01:17:08.000000Z,58.1,ON
fc86bd41-dd55-4d15-bb3f-35e31c7759e6,2021-10-08T01:54:37.000000Z,2021-10-31T01:17:08.000000Z,40.8,ON
fc86bd41-dd55-4d15-bb3f-35e31c7759e6,2021-10-08T15:32:02.000000Z,2021-10-31T01:17:08.000000Z,49.5,ON
fc86bd41-dd55-4d15-bb3f-35e31c7759e6,2021-10-08T21:30:07.000000Z,2021-10-31T01:17:08.000000Z,55.7,ON
fc86bd41-dd55-4d15-bb3f-35e31c7759e6,2021-10-09T03:49:55.000000Z,2021-10-31T01:17:08.000000Z,66.3,ON
fc86bd41-dd55-4d15-bb3f-35e31c7759e6,2021-10-09T10:01:36.000000Z,2021-10-31T01:17:08.000000Z,75.0,ON
fc86bd41-dd55-4d15-bb3f-35e31c7759e6,2021-10-09T17:43:48.000000Z,2021-10-31T01:17:08.000000Z,70.2,ON
fc86bd41-dd55-4d15-bb3f-35e31c7759e6,2021-10-09T20:54:56.000000Z,2021-10-31T01:17:08.000000Z,39.7,ON
fc86bd41-dd55-4d15-bb3f-35e31c7759e6,2021-10-09T22:40:07.000000Z,2021-10-31T01:17:08.000000Z,33.4,ON
fc86bd41-dd55-4d15-bb3f-35e31c7759e6,2021-10-10T01:50:08.000000Z,2021-10-31T01:17:08.000000Z,34.6,ON
fc86bd41-dd55-4d15-bb3f-35e31c7759e6,2021-10-10T08:53:11.000000Z,2021-10-31T01:17:08.000000Z,56.9,ON
fc86bd41-dd55-4d15-bb3f-35e31c7759e6,2021-10-10T16:29:03.000000Z,2021-10-31T01:17:08.000000Z,62.8,ON
fc86bd41-dd55-4d15-bb3f-35e31c7759e6,2021-10-10T21:07:20.000000Z,2021-10-31T01:17:08.000000Z,45.1,ON
fc86bd41-dd55-4d15-bb3f-35e31c7759e6,2021-10-11T00:13:09.000000Z,2021-10-31T01:17:08.000000Z,26.3,ON
fc86bd41-dd55-4d15-bb3f-35e31c7759e6,2021-10-11T15:47:28.000000Z,2021-10-31T01:17:08.000000Z,35.7,ON
fc86bd41-dd55-4d15-bb3f-35e31c7759e6,2021-10-11T20:36:37.000000Z,2021-10-31T01:17:08.000000Z,25.1,ON
fc86bd41-dd55-4d15-bb3f-35e31c7759e6,2021-10-12T20:50:58.000000Z,2021-10-31T01:17:08.000000Z,55.0,ON
fc86bd41-dd55-4d15-bb3f-35e31c7759e6,2021-10-13T00:43:54.000000Z,2021-10-31T01:17:08.000000Z,51.4,ON
fc86bd41-dd55-4d15-bb3f-35e31c7759e6,2021-10-13T12:35:42.000000Z,2021-10-31T01:17:08.000000Z,37.7,ON
fc86bd41-dd55-4d15-bb3f-35e31c7759e6,2021-10-13T15:39:46.000000Z,2021-10-31T01:17:08.000000Z,100.0,ON
fc86bd41-dd55-4d15-bb3f-35e31c7759e6,2021-10-13T23:19:16.000000Z,2021-10-31T01:17:08.000000Z,65.9,ON
fc86bd41-dd55-4d15-bb3f-35e31c7759e6,2021-10-14T00:18:41.000000Z,2021-10-31T01:17:08.000000Z,33.0,ON
fc86bd41-dd55-4d15-bb3f-35e31c7759e6,2021-10-14T00:20:18.000000Z,2021-10-31T01:17:08.000000Z,33.0,ON
fc86bd41-dd55-4d15-bb3f-35e31c7759e6,2021-10-14T17:34:22.000000Z,2021-10-31T01:17:08.000000Z,31.4,ON
fc86bd41-dd55-4d15-bb3f-35e31c7759e6,2021-10-15T02:07:21.000000Z,2021-10-31T01:17:08.000000Z,47.9,ON
fc86bd41-dd55-4d15-bb3f-35e31c7759e6,2021-10-15T15:31:42.000000Z,2021-10-31T01:17:08.000000Z,59.7,ON
fc86bd41-dd55-4d15-bb3f-35e31c7759e6,2021-10-15T21:40:53.000000Z,2021-10-31T01:17:08.000000Z,52.2,ON
fc86bd41-dd55-4d15-bb3f-35e31c7759e6,2021-10-16T06:45:31.000000Z,2021-10-31T01:17:08.000000Z,65.9,ON
fc86bd41-dd55-4d15-bb3f-35e31c7759e6,2021-10-16T09:25:44.000000Z,2021-10-31T01:17:08.000000Z,40.4,ON
fc86bd41-dd55-4d15-bb3f-35e31c7759e6,2021-10-16T16:11:56.000000Z,2021-10-31T01:17:08.000000Z,43.2,ON
fc86bd41-dd55-4d15-bb3f-35e31c7759e6,2021-10-17T03:46:57.000000Z,2021-10-31T01:17:08.000000Z,56.1,ON
fc86bd41-dd55-4d15-bb3f-35e31c7759e6,2021-10-17T07:07:30.000000Z,2021-10-31T01:17:08.000000Z,23.2,ON
fc86bd41-dd55-4d15-bb3f-35e31c7759e6,2021-10-17T16:16:00.000000Z,2021-10-31T01:17:08.000000Z,19.3,ON
fc86bd41-dd55-4d15-bb3f-35e31c7759e6,2021-10-17T20:47:05.000000Z,2021-10-31T01:17:08.000000Z,30.2,ON
fc86bd41-dd55-4d15-bb3f-35e31c7759e6,2021-10-18T15:44:35.000000Z,2021-10-31T01:17:08.000000Z,42.8,ON
fc86bd41-dd55-4d15-bb3f-35e31c7759e6,2021-10-20T19:30:03.000000Z,2021-10-31T01:17:08.000000Z,63.6,ON
fc86bd41-dd55-4d15-bb3f-35e31c7759e6,2021-10-21T16:10:57.000000Z,2021-10-31T01:17:08.000000Z,58.9,ON
fc86bd41-dd55-4d15-bb3f-35e31c7759e6,2021-10-22T01:17:03.000000Z,2021-10-31T01:17:08.000000Z,18.9,ON
fc86bd41-dd55-4d15-bb3f-35e31c7759e6,2021-10-22T13:05:41.000000Z,2021-10-31T01:17:08.000000Z,21.2,ON
fc86bd41-dd55-4d15-bb3f-35e31c7759e6,2021-10-22T15:49:18.000000Z,2021-10-31T01:17:08.000000Z,36.1,ON
fc86bd41-dd55-4d15-bb3f-35e31c7759e6,2021-10-22T21:11:38.000000Z,2021-10-31T01:17:08.000000Z,30.6,ON
fc86bd41-dd55-4d15-bb3f-35e31c7759e6,2021-10-23T17:03:24.000000Z,2021-10-31T01:17:08.000000Z,62.8,ON
fc86bd41-dd55-4d15-bb3f-35e31c7759e6,2021-10-24T23:18:06.000000Z,2021-10-31T01:17:08.000000Z,69.9,ON
fc86bd41-dd55-4d15-bb3f-35e31c7759e6,2021-10-25T15:58:43.000000Z,2021-10-31T01:17:08.000000Z,70.6,ON
fc86bd41-dd55-4d15-bb3f-35e31c7759e6,2021-10-26T00:07:28.000000Z,2021-10-31T01:17:08.000000Z,62.4,ON
fc86bd41-dd55-4d15-bb3f-35e31c7759e6,2021-10-26T01:03:35.000000Z,2021-10-31T01:17:08.000000Z,25.1,ON
fc86bd41-dd55-4d15-bb3f-35e31c7759e6,2021-10-26T16:11:30.000000Z,2021-10-31T01:17:08.000000Z,34.6,ON
fc86bd41-dd55-4d15-bb3f-35e31c7759e6,2021-10-26T23:36:22.000000Z,2021-10-31T01:17:08.000000Z,58.1,ON
fc86bd41-dd55-4d15-bb3f-35e31c7759e6,2021-10-27T15:54:33.000000Z,2021-10-31T01:17:08.000000Z,62.0,ON
fc86bd41-dd55-4d15-bb3f-35e31c7759e6,2021-10-27T20:46:51.000000Z,2021-10-31T01:17:08.000000Z,67.1,ON
fc86bd41-dd55-4d15-bb3f-35e31c7759e6,2021-10-28T00:27:12.000000Z,2021-10-31T01:17:08.000000Z,39.7,ON
fc86bd41-dd55-4d15-bb3f-35e31c7759e6,2021-10-28T14:46:39.000000Z,2021-10-31T01:17:08.000000Z,37.7,ON
fc86bd41-dd55-4d15-bb3f-35e31c7759e6,2021-10-29T02:24:32.000000Z,2021-10-31T01:17:08.000000Z,64.4,ON
fc86bd41-dd55-4d15-bb3f-35e31c7759e6,2021-10-29T02:25:30.000000Z,2021-10-31T01:17:08.000000Z,64.4,OFF
fc86bd41-dd55-4d15-bb3f-35e31c7759e6,2021-11-01T20:55:41.000000Z,2021-11-17T15:14:31.000000Z,84.4,ON
fc86bd41-dd55-4d15-bb3f-35e31c7759e6,2021-11-03T01:01:14.000000Z,2021-11-17T15:14:31.000000Z,34.6,ON
fc86bd41-dd55-4d15-bb3f-35e31c7759e6,2021-11-03T20:42:58.000000Z,2021-11-17T15:14:31.000000Z,27.1,ON
fc86bd41-dd55-4d15-bb3f-35e31c7759e6,2021-11-03T23:42:10.000000Z,2021-11-17T15:14:31.000000Z,29.5,ON
fc86bd41-dd55-4d15-bb3f-35e31c7759e6,2021-11-04T00:39:43.000000Z,2021-11-17T15:14:31.000000Z,26.7,ON
fc86bd41-dd55-4d15-bb3f-35e31c7759e6,2021-11-04T22:46:13.000000Z,2021-11-17T15:14:31.000000Z,25.5,ON
fc86bd41-dd55-4d15-bb3f-35e31c7759e6,2021-11-05T16:20:21.000000Z,2021-11-17T15:14:31.000000Z,33.4,ON
fc86bd41-dd55-4d15-bb3f-35e31c7759e6,2021-11-06T10:07:08.000000Z,2021-11-17T15:14:31.000000Z,66.3,ON
fc86bd41-dd55-4d15-bb3f-35e31c7759e6,2021-11-06T19:23:03.000000Z,2021-11-17T15:14:31.000000Z,60.0,ON
fc86bd41-dd55-4d15-bb3f-35e31c7759e6,2021-11-07T03:57:08.000000Z,2021-11-17T15:14:31.000000Z,46.7,ON
fc86bd41-dd55-4d15-bb3f-35e31c7759e6,2021-11-07T08:18:08.000000Z,2021-11-17T15:14:31.000000Z,55.0,ON
fc86bd41-dd55-4d15-bb3f-35e31c7759e6,2021-11-07T20:34:05.000000Z,2021-11-17T15:14:31.000000Z,54.2,ON
fc86bd41-dd55-4d15-bb3f-35e31c7759e6,2021-11-08T16:37:00.000000Z,2021-11-17T15:14:31.000000Z,49.9,ON
fc86bd41-dd55-4d15-bb3f-35e31c7759e6,2021-11-08T23:03:01.000000Z,2021-11-17T15:14:31.000000Z,38.9,ON
fc86bd41-dd55-4d15-bb3f-35e31c7759e6,2021-11-09T14:21:48.000000Z,2021-11-17T15:14:31.000000Z,24.4,ON
fc86bd41-dd55-4d15-bb3f-35e31c7759e6,2021-11-10T00:18:44.000000Z,2021-11-17T15:14:31.000000Z,35.3,ON
fc86bd41-dd55-4d15-bb3f-35e31c7759e6,2021-11-10T16:23:59.000000Z,2021-11-17T15:14:31.000000Z,49.1,ON
fc86bd41-dd55-4d15-bb3f-35e31c7759e6,2021-11-11T00:07:46.000000Z,2021-11-17T15:14:31.000000Z,71.8,ON
fc86bd41-dd55-4d15-bb3f-35e31c7759e6,2021-11-11T00:59:36.000000Z,2021-11-17T15:14:31.000000Z,27.5,ON
fc86bd41-dd55-4d15-bb3f-35e31c7759e6,2021-11-11T15:12:00.000000Z,2021-11-17T15:14:31.000000Z,25.5,ON
fc86bd41-dd55-4d15-bb3f-35e31c7759e6,2021-11-11T23:19:17.000000Z,2021-11-17T15:14:31.000000Z,38.9,ON
fc86bd41-dd55-4d15-bb3f-35e31c7759e6,2021-11-12T16:44:17.000000Z,2021-11-17T15:14:31.000000Z,56.9,ON
fc86bd41-dd55-4d15-bb3f-35e31c7759e6,2021-11-13T02:17:19.000000Z,2021-11-17T15:14:31.000000Z,56.9,ON
fc86bd41-dd55-4d15-bb3f-35e31c7759e6,2021-11-13T10:40:58.000000Z,2021-11-17T15:14:31.000000Z,78.5,ON
fc86bd41-dd55-4d15-bb3f-35e31c7759e6,2021-11-14T17:23:18.000000Z,2021-11-17T15:14:31.000000Z,54.6,ON
fc86bd41-dd55-4d15-bb3f-35e31c7759e6,2021-11-14T21:17:03.000000Z,2021-11-17T15:14:31.000000Z,67.5,ON
fc86bd41-dd55-4d15-bb3f-35e31c7759e6,2021-11-15T15:43:07.000000Z,2021-11-17T15:14:31.000000Z,73.4,ON
fc86bd41-dd55-4d15-bb3f-35e31c7759e6,2021-11-15T16:21:52.000000Z,2021-11-17T15:14:31.000000Z,100.0,ON
fc86bd41-dd55-4d15-bb3f-35e31c7759e6,2021-11-16T01:27:25.000000Z,2021-11-17T15:14:31.000000Z,30.6,ON
fc86bd41-dd55-4d15-bb3f-35e31c7759e6,2021-11-17T01:10:40.000000Z,2021-11-17T15:14:31.000000Z,17.3,OFF
fc86bd41-dd55-4d15-bb3f-35e31c7759e6,2021-11-18T13:31:28.000000Z,2021-12-12T16:47:55.000000Z,10.6,ON
fc86bd41-dd55-4d15-bb3f-35e31c7759e6,2021-11-18T16:00:35.000000Z,2021-12-12T16:47:55.000000Z,100.0,ON
fc86bd41-dd55-4d15-bb3f-35e31c7759e6,2021-11-19T05:39:37.000000Z,2021-12-12T16:47:55.000000Z,12.6,ON
fc86bd41-dd55-4d15-bb3f-35e31c7759e6,2021-11-19T16:09:41.000000Z,2021-12-12T16:47:55.000000Z,11.8,ON
fc86bd41-dd55-4d15-bb3f-35e31c7759e6,2021-11-21T06:22:21.000000Z,2021-12-12T16:47:55.000000Z,47.9,ON
fc86bd41-dd55-4d15-bb3f-35e31c7759e6,2021-11-22T02:22:25.000000Z,2021-12-12T16:47:55.000000Z,49.5,ON
fc86bd41-dd55-4d15-bb3f-35e31c7759e6,2021-11-23T00:17:55.000000Z,2021-12-12T16:47:55.000000Z,26.3,ON
fc86bd41-dd55-4d15-bb3f-35e31c7759e6,2021-11-25T07:58:14.000000Z,2021-12-12T16:47:55.000000Z,68.7,ON
fc86bd41-dd55-4d15-bb3f-35e31c7759e6,2021-11-25T18:37:15.000000Z,2021-12-12T16:47:55.000000Z,54.2,ON
fc86bd41-dd55-4d15-bb3f-35e31c7759e6,2021-11-26T01:44:05.000000Z,2021-12-12T16:47:55.000000Z,99.3,ON
fc86bd41-dd55-4d15-bb3f-35e31c7759e6,2021-11-27T03:10:15.000000Z,2021-12-12T16:47:55.000000Z,64.0,ON
fc86bd41-dd55-4d15-bb3f-35e31c7759e6,2021-11-27T18:03:17.000000Z,2021-12-12T16:47:55.000000Z,72.6,ON
fc86bd41-dd55-4d15-bb3f-35e31c7759e6,2021-11-27T21:45:43.000000Z,2021-12-12T16:47:55.000000Z,76.5,ON
fc86bd41-dd55-4d15-bb3f-35e31c7759e6,2021-11-28T02:52:26.000000Z,2021-12-12T16:47:55.000000Z,69.9,ON
fc86bd41-dd55-4d15-bb3f-35e31c7759e6,2021-11-28T22:05:46.000000Z,2021-12-12T16:47:55.000000Z,50.2,ON
fc86bd41-dd55-4d15-bb3f-35e31c7759e6,2021-11-29T16:25:23.000000Z,2021-12-12T16:47:55.000000Z,27.5,ON
fc86bd41-dd55-4d15-bb3f-35e31c7759e6,2021-11-29T23:33:15.000000Z,2021-12-12T16:47:55.000000Z,46.7,ON
fc86bd41-dd55-4d15-bb3f-35e31c7759e6,2021-11-30T01:44:56.000000Z,2021-12-12T16:47:55.000000Z,48.7,ON
fc86bd41-dd55-4d15-bb3f-35e31c7759e6,2021-11-30T16:53:04.000000Z,2021-12-12T16:47:55.000000Z,52.2,ON
fc86bd41-dd55-4d15-bb3f-35e31c7759e6,2021-11-30T22:28:58.000000Z,2021-12-12T16:47:55.000000Z,45.1,ON
fc86bd41-dd55-4d15-bb3f-35e31c7759e6,2021-12-01T01:44:11.000000Z,2021-12-12T16:47:55.000000Z,36.9,ON
fc86bd41-dd55-4d15-bb3f-35e31c7759e6,2021-12-01T22:40:18.000000Z,2021-12-12T16:47:55.000000Z,41.6,ON
fc86bd41-dd55-4d15-bb3f-35e31c7759e6,2021-12-01T23:53:09.000000Z,2021-12-12T16:47:55.000000Z,22.0,ON
fc86bd41-dd55-4d15-bb3f-35e31c7759e6,2021-12-03T00:56:44.000000Z,2021-12-12T16:47:55.000000Z,24.4,ON
fc86bd41-dd55-4d15-bb3f-35e31c7759e6,2021-12-03T16:14:24.000000Z,2021-12-12T16:47:55.000000Z,11.4,ON
fc86bd41-dd55-4d15-bb3f-35e31c7759e6,2021-12-04T02:19:10.000000Z,2021-12-12T16:47:55.000000Z,35.7,ON
fc86bd41-dd55-4d15-bb3f-35e31c7759e6,2021-12-04T11:53:25.000000Z,2021-12-12T16:47:55.000000Z,41.6,ON
fc86bd41-dd55-4d15-bb3f-35e31c7759e6,2021-12-05T00:04:44.000000Z,2021-12-12T16:47:55.000000Z,46.7,ON
fc86bd41-dd55-4d15-bb3f-35e31c7759e6,2021-12-05T10:45:22.000000Z,2021-12-12T16:47:55.000000Z,69.5,ON
fc86bd41-dd55-4d15-bb3f-35e31c7759e6,2021-12-05T19:21:38.000000Z,2021-12-12T16:47:55.000000Z,56.9,ON
fc86bd41-dd55-4d15-bb3f-35e31c7759e6,2021-12-06T01:29:25.000000Z,2021-12-12T16:47:55.000000Z,36.9,ON
fc86bd41-dd55-4d15-bb3f-35e31c7759e6,2021-12-06T01:56:41.000000Z,2021-12-12T16:47:55.000000Z,28.3,ON
fc86bd41-dd55-4d15-bb3f-35e31c7759e6,2021-12-06T17:14:19.000000Z,2021-12-12T16:47:55.000000Z,31.0,ON
fc86bd41-dd55-4d15-bb3f-35e31c7759e6,2021-12-07T02:33:17.000000Z,2021-12-12T16:47:55.000000Z,27.1,ON
fc86bd41-dd55-4d15-bb3f-35e31c7759e6,2021-12-07T02:35:35.000000Z,2021-12-12T16:47:55.000000Z,27.1,ON
fc86bd41-dd55-4d15-bb3f-35e31c7759e6,2021-12-07T20:34:13.000000Z,2021-12-12T16:47:55.000000Z,29.1,ON
fc86bd41-dd55-4d15-bb3f-35e31c7759e6,2021-12-08T16:12:06.000000Z,2021-12-12T16:47:55.000000Z,42.8,ON
fc86bd41-dd55-4d15-bb3f-35e31c7759e6,2021-12-08T19:57:08.000000Z,2021-12-12T16:47:55.000000Z,49.5,ON
fc86bd41-dd55-4d15-bb3f-35e31c7759e6,2021-12-08T23:43:26.000000Z,2021-12-12T16:47:55.000000Z,44.4,ON
fc86bd41-dd55-4d15-bb3f-35e31c7759e6,2021-12-09T02:11:34.000000Z,2021-12-12T16:47:55.000000Z,16.1,ON
fc86bd41-dd55-4d15-bb3f-35e31c7759e6,2021-12-09T23:23:54.000000Z,2021-12-12T16:47:55.000000Z,22.4,ON
fc86bd41-dd55-4d15-bb3f-35e31c7759e6,2021-12-10T02:55:56.000000Z,2021-12-12T16:47:55.000000Z,25.1,ON
fc86bd41-dd55-4d15-bb3f-35e31c7759e6,2021-12-11T10:05:56.000000Z,2021-12-12T16:47:55.000000Z,55.7,ON
fc86bd41-dd55-4d15-bb3f-35e31c7759e6,2021-12-11T22:19:09.000000Z,2021-12-12T16:47:55.000000Z,64.4,ON
fc86bd41-dd55-4d15-bb3f-35e31c7759e6,2021-12-12T00:40:55.000000Z,2021-12-12T16:47:55.000000Z,33.0,ON
fc86bd41-dd55-4d15-bb3f-35e31c7759e6,2021-12-12T05:37:09.000000Z,2021-12-12T16:47:55.000000Z,31.4,ON
fc86bd41-dd55-4d15-bb3f-35e31c7759e6,2021-12-12T09:31:24.000000Z,2021-12-12T16:47:55.000000Z,46.7,ON
fc86bd41-dd55-4d15-bb3f-35e31c7759e6,2021-12-12T10:34:25.000000Z,2021-12-12T16:47:55.000000Z,50.6,OFF
fc86bd41-dd55-4d15-bb3f-35e31c7759e6,2021-12-13T06:57:21.000000Z,2021-12-22T15:21:23.000000Z,9.1,ON
fc86bd41-dd55-4d15-bb3f-35e31c7759e6,2021-12-13T18:55:18.000000Z,2021-12-22T15:21:23.000000Z,39.3,ON
fc86bd41-dd55-4d15-bb3f-35e31c7759e6,2021-12-13T23:49:03.000000Z,2021-12-22T15:21:23.000000Z,57.3,ON
fc86bd41-dd55-4d15-bb3f-35e31c7759e6,2021-12-15T00:21:16.000000Z,2021-12-22T15:21:23.000000Z,40.4,ON
fc86bd41-dd55-4d15-bb3f-35e31c7759e6,2021-12-15T21:56:20.000000Z,2021-12-22T15:21:23.000000Z,45.5,ON
fc86bd41-dd55-4d15-bb3f-35e31c7759e6,2021-12-15T23:24:11.000000Z,2021-12-22T15:21:23.000000Z,21.2,ON
fc86bd41-dd55-4d15-bb3f-35e31c7759e6,2021-12-17T00:07:07.000000Z,2021-12-22T15:21:23.000000Z,20.4,ON
fc86bd41-dd55-4d15-bb3f-35e31c7759e6,2021-12-21T00:08:07.000000Z,2021-12-22T15:21:23.000000Z,26.7,ON
fc86bd41-dd55-4d15-bb3f-35e31c7759e6,2021-12-21T13:31:42.000000Z,2021-12-22T15:21:23.000000Z,38.1,ON
fc86bd41-dd55-4d15-bb3f-35e31c7759e6,2021-12-21T17:30:25.000000Z,2021-12-22T15:21:23.000000Z,27.9,OFF
fc86bd41-dd55-4d15-bb3f-35e31c7759e6,2021-12-23T13:46:09.000000Z,2021-12-25T13:35:46.000000Z,18.9,ON
fc86bd41-dd55-4d15-bb3f-35e31c7759e6,2021-12-23T21:57:08.000000Z,2021-12-25T13:35:46.000000Z,28.7,ON
fc86bd41-dd55-4d15-bb3f-35e31c7759e6,2021-12-25T08:04:15.000000Z,2021-12-25T13:35:46.000000Z,46.3,OFF
fc86bd41-dd55-4d15-bb3f-35e31c7759e6,2021-12-28T17:48:59.000000Z,2021-12-29T11:13:10.000000Z,48.7,ON
fc86bd41-dd55-4d15-bb3f-35e31c7759e6,2021-12-28T21:32:17.000000Z,2021-12-29T11:13:10.000000Z,39.7,ON
fc86bd41-dd55-4d15-bb3f-35e31c7759e6,2021-12-28T22:34:32.000000Z,2021-12-29T11:13:10.000000Z,18.5,ON
fc86bd41-dd55-4d15-bb3f-35e31c7759e6,2021-12-29T02:13:26.000000Z,2021-12-29T11:13:10.000000Z,10.2,OFF
fc86bd41-dd55-4d15-bb3f-35e31c7759e6,2021-12-29T17:16:43.000000Z,2022-01-17T08:04:54.000000Z,30.2,ON
fc86bd41-dd55-4d15-bb3f-35e31c7759e6,2021-12-30T00:33:21.000000Z,2022-01-17T08:04:54.000000Z,62.0,ON
fc86bd41-dd55-4d15-bb3f-35e31c7759e6,2021-12-30T02:11:08.000000Z,2022-01-17T08:04:54.000000Z,33.8,ON
fc86bd41-dd55-4d15-bb3f-35e31c7759e6,2021-12-31T20:50:37.000000Z,2022-01-17T08:04:54.000000Z,14.2,ON
fc86bd41-dd55-4d15-bb3f-35e31c7759e6,2022-01-01T11:47:16.000000Z,2022-01-17T08:04:54.000000Z,85.5,ON
fc86bd41-dd55-4d15-bb3f-35e31c7759e6,2022-01-01T18:45:33.000000Z,2022-01-17T08:04:54.000000Z,76.5,ON
fc86bd41-dd55-4d15-bb3f-35e31c7759e6,2022-01-01T22:31:13.000000Z,2022-01-17T08:04:54.000000Z,53.4,ON
fc86bd41-dd55-4d15-bb3f-35e31c7759e6,2022-01-02T07:30:50.000000Z,2022-01-17T08:04:54.000000Z,31.4,ON
fc86bd41-dd55-4d15-bb3f-35e31c7759e6,2022-01-02T09:16:17.000000Z,2022-01-17T08:04:54.000000Z,32.6,ON
fc86bd41-dd55-4d15-bb3f-35e31c7759e6,2022-01-03T22:03:02.000000Z,2022-01-17T08:04:54.000000Z,62.0,ON
fc86bd41-dd55-4d15-bb3f-35e31c7759e6,2022-01-04T22:37:26.000000Z,2022-01-17T08:04:54.000000Z,67.5,ON
fc86bd41-dd55-4d15-bb3f-35e31c7759e6,2022-01-05T01:48:30.000000Z,2022-01-17T08:04:54.000000Z,43.2,ON
fc86bd41-dd55-4d15-bb3f-35e31c7759e6,2022-01-05T16:21:13.000000Z,2022-01-17T08:04:54.000000Z,71.4,ON
fc86bd41-dd55-4d15-bb3f-35e31c7759e6,2022-01-05T17:01:00.000000Z,2022-01-17T08:04:54.000000Z,38.1,ON
fc86bd41-dd55-4d15-bb3f-35e31c7759e6,2022-01-05T17:53:29.000000Z,2022-01-17T08:04:54.000000Z,7.9,ON
fc86bd41-dd55-4d15-bb3f-35e31c7759e6,2022-01-06T01:44:37.000000Z,2022-01-17T08:04:54.000000Z,30.2,ON
fc86bd41-dd55-4d15-bb3f-35e31c7759e6,2022-01-06T18:01:40.000000Z,2022-01-17T08:04:54.000000Z,59.7,ON
fc86bd41-dd55-4d15-bb3f-35e31c7759e6,2022-01-06T22:45:00.000000Z,2022-01-17T08:04:54.000000Z,59.7,ON
fc86bd41-dd55-4d15-bb3f-35e31c7759e6,2022-01-07T16:09:23.000000Z,2022-01-17T08:04:54.000000Z,100.0,ON
fc86bd41-dd55-4d15-bb3f-35e31c7759e6,2022-01-07T17:14:01.000000Z,2022-01-17T08:04:54.000000Z,13.0,ON
fc86bd41-dd55-4d15-bb3f-35e31c7759e6,2022-01-08T00:26:45.000000Z,2022-01-17T08:04:54.000000Z,20.4,ON
fc86bd41-dd55-4d15-bb3f-35e31c7759e6,2022-01-08T00:34:31.000000Z,2022-01-17T08:04:54.000000Z,19.7,ON
fc86bd41-dd55-4d15-bb3f-35e31c7759e6,2022-01-08T09:53:37.000000Z,2022-01-17T08:04:54.000000Z,40.8,ON
fc86bd41-dd55-4d15-bb3f-35e31c7759e6,2022-01-09T00:28:40.000000Z,2022-01-17T08:04:54.000000Z,44.4,ON
fc86bd41-dd55-4d15-bb3f-35e31c7759e6,2022-01-09T09:11:44.000000Z,2022-01-17T08:04:54.000000Z,56.1,ON
fc86bd41-dd55-4d15-bb3f-35e31c7759e6,2022-01-09T10:46:35.000000Z,2022-01-17T08:04:54.000000Z,46.3,ON
fc86bd41-dd55-4d15-bb3f-35e31c7759e6,2022-01-09T22:31:38.000000Z,2022-01-17T08:04:54.000000Z,64.4,ON
fc86bd41-dd55-4d15-bb3f-35e31c7759e6,2022-01-09T22:45:27.000000Z,2022-01-17T08:04:54.000000Z,64.8,ON
fc86bd41-dd55-4d15-bb3f-35e31c7759e6,2022-01-09T23:06:03.000000Z,2022-01-17T08:04:54.000000Z,61.6,ON
fc86bd41-dd55-4d15-bb3f-35e31c7759e6,2022-01-09T23:54:26.000000Z,2022-01-17T08:04:54.000000Z,23.2,ON
fc86bd41-dd55-4d15-bb3f-35e31c7759e6,2022-01-10T13:13:16.000000Z,2022-01-17T08:04:54.000000Z,29.5,ON
fc86bd41-dd55-4d15-bb3f-35e31c7759e6,2022-01-10T14:56:31.000000Z,2022-01-17T08:04:54.000000Z,47.9,ON
fc86bd41-dd55-4d15-bb3f-35e31c7759e6,2022-01-11T01:04:05.000000Z,2022-01-17T08:04:54.000000Z,42.0,ON
fc86bd41-dd55-4d15-bb3f-35e31c7759e6,2022-01-11T12:43:49.000000Z,2022-01-17T08:04:54.000000Z,33.0,ON
fc86bd41-dd55-4d15-bb3f-35e31c7759e6,2022-01-11T16:03:58.000000Z,2022-01-17T08:04:54.000000Z,51.8,ON
fc86bd41-dd55-4d15-bb3f-35e31c7759e6,2022-01-12T21:04:06.000000Z,2022-01-17T08:04:54.000000Z,49.5,ON
fc86bd41-dd55-4d15-bb3f-35e31c7759e6,2022-01-14T01:05:03.000000Z,2022-01-17T08:04:54.000000Z,51.4,ON
fc86bd41-dd55-4d15-bb3f-35e31c7759e6,2022-01-14T15:31:41.000000Z,2022-01-17T08:04:54.000000Z,54.2,ON
fc86bd41-dd55-4d15-bb3f-35e31c7759e6,2022-01-15T06:24:36.000000Z,2022-01-17T08:04:54.000000Z,44.8,ON
fc86bd41-dd55-4d15-bb3f-35e31c7759e6,,,29.9,ON
fc86bd41-dd55-4d15-bb3f-35e31c7759e6,,,42.0,ON
fc86bd41-dd55-4d15-bb3f-35e31c7759e6,,,27.9,OFF
